<theme>
   <variables>
      <systemName>3DO</systemName>
      <systemDescription>The 3DO Interactive Multiplayer (often called simply 3DO) is a video game console originally produced by Panasonic in 1993. Further renditions of the hardware were released in 1994 by Sanyo and Goldstar. The consoles were manufactured according to specifications created by The 3DO Company, and were originally designed by Dave Needle and RJ Mical of New Technology Group. The system was conceived by entrepreneur and Electronic Arts founder Trip Hawkins.</systemDescription>
      <systemManufacturer>Panasonic</systemManufacturer>
      <systemReleaseYear>1993</systemReleaseYear>
      <systemReleaseDate>1993-10-04</systemReleaseDate>
      <systemReleaseDateFormated>October 4, 1993</systemReleaseDateFormated>
      <systemHardwareType>Console</systemHardwareType>
      <systemCoverSize>752-1440</systemCoverSize>
      <systemColor>CFA83E</systemColor>
      <systemColorPalette1>FF0000</systemColorPalette1>
      <systemColorPalette2>0000A0</systemColorPalette2>
      <systemColorPalette3>FFE41B</systemColorPalette3>
      <systemColorPalette4>23B14D</systemColorPalette4>
	  <systemCartSize>1-1</systemCartSize>    </variables>
</theme>