<theme>
   <variables>
      <systemName>Amstrad CPC</systemName>
      <systemDescription>The Amstrad Colour Personal Computer, better known as the Amstrad CPC, is a series of 8-bit home computers designed by Amstrad. The first models were released in April 1984 in Europe at a retail price ranging from £199 to £299, depending on the package bought. The computers were not released outside of Europe. The CPC series had five distinct models: The CPC464, CPC664, CPC6128, 464plus, and 6128plus. The computers were manufactured until an unspecified time in 1990.</systemDescription>
      <systemManufacturer>Amstrad</systemManufacturer>
      <systemReleaseYear>1984</systemReleaseYear>
      <systemReleaseDate>1984-01-01</systemReleaseDate>
      <systemReleaseDateFormated>January 1, 1984</systemReleaseDateFormated>
      <systemHardwareType>Computer</systemHardwareType>
      <systemCoverSize>3-4</systemCoverSize>
      <systemColor>54819D</systemColor>
      <systemColorPalette1>E91C23</systemColorPalette1>
      <systemColorPalette2>00A651</systemColorPalette2>
      <systemColorPalette3>1C75BC</systemColorPalette3>
      <systemColorPalette4>3E3E3E</systemColorPalette4>
	  <systemCartSize>1-1</systemCartSize>    </variables>
</theme>