<theme>
   <variables>
      <systemName>Google Android</systemName>
      <systemDescription>Android is a mobile operating system based on a modified version of the Linux kernel and other open-source software, designed primarily for touchscreen mobile devices such as smartphones and tablets. Android is developed by a consortium of developers known as the Open Handset Alliance, though its most widely used version is primarily developed by Google. It was unveiled in November 2007, with the first commercial Android device, the HTC Dream, being launched in September 2008.</systemDescription>
      <systemManufacturer>Google</systemManufacturer>
      <systemReleaseYear>2008</systemReleaseYear>
      <systemReleaseDate>2008-09-23</systemReleaseDate>
      <systemReleaseDateFormated>September 23, 2008</systemReleaseDateFormated>
      <systemHardwareType>OS</systemHardwareType>
      <systemCoverSize>1-1</systemCoverSize>
      <systemColor>5A9035</systemColor>
      <systemColorPalette1>4086F4</systemColorPalette1>
      <systemColorPalette2>EB4132</systemColorPalette2>
      <systemColorPalette3>FBBD00</systemColorPalette3>
      <systemColorPalette4>31AA52</systemColorPalette4>
	  <systemCartSize>1-1</systemCartSize>    </variables>
</theme>