<theme>
   <variables>
      <systemName>Atari Lynx</systemName>
      <systemDescription>The Atari Lynx, usually just referred to as Lynx, is a fourth generation (1987-2004) handheld video game console developed in partnership with Epyx, Inc. and distributed by the Atari Corporation. It was released in September 1989 in North America at a retail price of $149.95. The handheld was also released in Europe (1990) and Japan (1990). The Lynx was the world's first handheld electronic game with a color LCD screen. The console was discontinued in early 1996, possibly at the time of the company's sale on April 8, 1996.</systemDescription>
      <systemManufacturer>Atari</systemManufacturer>
      <systemReleaseYear>1989</systemReleaseYear>
      <systemReleaseDate>1989-09-01</systemReleaseDate>
      <systemReleaseDateFormated>September 1, 1989</systemReleaseDateFormated>
      <systemHardwareType>Portable</systemHardwareType>
      <systemCoverSize>3-4</systemCoverSize>
      <systemColor>E19735</systemColor>
      <systemColorPalette1>FD6420</systemColorPalette1>
      <systemColorPalette2>404040</systemColorPalette2>
      <systemColorPalette3>F38900</systemColorPalette3>
      <systemColorPalette4>262626</systemColorPalette4>
	  <systemCartSize>1-1</systemCartSize>    </variables>
</theme>