<theme>
   <variables>
      <systemName>Last Played</systemName>
      <systemDescription>View your recently played games across the entire library.</systemDescription>
      <systemManufacturer>Various</systemManufacturer>
      <systemReleaseYear>Various</systemReleaseYear>
      <systemReleaseDate>Various</systemReleaseDate>
      <systemReleaseDateFormated>Various</systemReleaseDateFormated>
      <systemHardwareType>Recent</systemHardwareType>
      <systemCoverSize>1-1</systemCoverSize>
      <systemImageType>marquee</systemImageType><systemCartSize>1-1</systemCartSize>    </variables>



   
</theme>