<theme>
   <variables>
      <systemName>CDTV</systemName>
      <systemDescription>The CDTV (an acronym for "Commodore Dynamic Total Vision", a backronym of an acronym for "Compact Disc Television", giving it a double meaning) is a multimedia platform developed by Commodore International and launched in March 1991. The CDTV was intended as a media appliance rather than a personal computer.</systemDescription>
      <systemManufacturer>Commodore</systemManufacturer>
      <systemReleaseYear>1991</systemReleaseYear>
      <systemReleaseDate>1991-03-01</systemReleaseDate>
      <systemReleaseDateFormated>March 1, 1991</systemReleaseDateFormated>
      <systemHardwareType>Console</systemHardwareType>
      <systemCoverSize>1-1</systemCoverSize>
      <systemColor>775EBA</systemColor>
      <systemColorPalette1>C86388</systemColorPalette1>
      <systemColorPalette2>6F62E8</systemColorPalette2>
      <systemColorPalette3>1CA6F1</systemColorPalette3>
      <systemColorPalette4>F62717</systemColorPalette4>
	  <systemCartSize>1-1</systemCartSize>    </variables>
</theme>