<theme>
   <variables>
      <systemName>Daphne</systemName>
      <systemDescription>Daphne is an arcade emulator application that emulates a variety of laserdisc video games with the intent of preserving these games and making the play experience as faithful to the originals as possible. The developer calls Daphne the "First Ever Multiple Arcade Laserdisc Emulator" ("FEMALE"). It derives its name from Princess Daphne, the heroine of Dragon's Lair.</systemDescription>
      <systemManufacturer>Matt Ownby</systemManufacturer>
      <systemReleaseYear>2007</systemReleaseYear>
      <systemReleaseDate>2007-02-06</systemReleaseDate>
      <systemReleaseDateFormated>February, 6th 2007</systemReleaseDateFormated>
      <systemHardwareType>Emulator</systemHardwareType>
      <systemCoverSize>3-4</systemCoverSize>
      <systemColor>F6C126</systemColor>
      <systemColorPalette1>DEBA27</systemColorPalette1>
      <systemColorPalette2>856125</systemColorPalette2>
      <systemColorPalette3>DC110B</systemColorPalette3>
      <systemColorPalette4>D8D3BD</systemColorPalette4>
	  <systemCartSize>1-1</systemCartSize>    </variables>
</theme>