<theme>
   <variables>
      <systemName>Adobe Flash</systemName>
      <systemDescription>Adobe Flash (formerly Macromedia Flash and FutureSplash) was a multimedia software platform used for production of animations, rich web applications, desktop applications, mobile apps, mobile games, and embedded web browser video players. Flash displays text, vector graphics, and raster graphics to provide animations, video games, and applications. It allows streaming of audio and video, and can capture mouse, keyboard, microphone, and camera input.</systemDescription>
      <systemManufacturer>Macromedia</systemManufacturer>
      <systemReleaseYear>1996</systemReleaseYear>
      <systemReleaseDate>1996-11</systemReleaseDate>
      <systemReleaseDateFormated>November 1996</systemReleaseDateFormated>
      <systemHardwareType>Engine</systemHardwareType>
      <systemCoverSize>1-1</systemCoverSize>
      <systemColor>B92E34</systemColor>
      <systemColorPalette1>FFFFFF</systemColorPalette1>
      <systemColorPalette2>4A0000</systemColorPalette2>
      <systemColorPalette3>B11313</systemColorPalette3>
      <systemColorPalette4>710000</systemColorPalette4>
	  <systemCartSize>1-1</systemCartSize>    </variables>
</theme>