<theme>
   <variables>
      <systemName>Game Boy Advance</systemName>
      <systemDescription>The Game Boy Advance (abbreviated as GBA) is a 32-bit handheld video game console developed, manufactured and marketed by Nintendo as the successor to the Game Boy Color. It was released in Japan on March 21, 2001, in North America on June 11, 2001, in Australia and Europe on June 22, 2001, and in mainland China on June 8, 2004 (iQue Player). Nintendo's competitors in the handheld market at the time were the Neo Geo Pocket Color, WonderSwan, GP32, Tapwave Zodiac, and the N-Gage. Despite the competitors' best efforts, Nintendo maintained a majority market share with the Game Boy Advance. As of June 30, 2010, the Game Boy Advance series has sold 81.51 million units worldwide. Its successor, the Nintendo DS, was released in November 2004 and is also compatible with Game Boy Advance software.</systemDescription>
      <systemManufacturer>Nintendo</systemManufacturer>
      <systemReleaseYear>2001</systemReleaseYear>
      <systemReleaseDate>2001-06-11</systemReleaseDate>
      <systemReleaseDateFormated>June 11, 2001</systemReleaseDateFormated>
      <systemHardwareType>Portable</systemHardwareType>
      <systemCoverSize>1-1</systemCoverSize>
      <systemColor>4C74D6</systemColor>
      <systemColorPalette1>5C67A9</systemColorPalette1>
      <systemColorPalette2>280FBE</systemColorPalette2>
      <systemColorPalette3>BCBCBC</systemColorPalette3>
      <systemColorPalette4>212121</systemColorPalette4>
	  <systemCartSize>112-67</systemCartSize>    </variables>
</theme>