<theme>
   <variables>
      <systemName>GX4000</systemName>
      <systemDescription>The Amstrad GX4000, commonly known as the GX4000, is a third generation (1983-2003) video game console developed and distributed by Amstrad. It was released in September of 1990 in Europe at a retail price of £99.99. The console was not released outside Europe. The GX4000 was Amstrad's short-lived attempt to enter the games console market, being primarily a home computer manufacturer. The console was discontinued in late 1991.</systemDescription>
      <systemManufacturer>Amstrad</systemManufacturer>
      <systemReleaseYear>1990</systemReleaseYear>
      <systemReleaseDate>1990-09-01</systemReleaseDate>
      <systemReleaseDateFormated>September 1, 1990</systemReleaseDateFormated>
      <systemHardwareType>Console</systemHardwareType>
      <systemCoverSize>3-4</systemCoverSize>
      <systemColor>DA4A3B</systemColor>
      <systemColorPalette1>E5B3B2</systemColorPalette1>
      <systemColorPalette2>9E4968</systemColorPalette2>
      <systemColorPalette3>DBD9D4</systemColorPalette3>
      <systemColorPalette4>C02520</systemColorPalette4>
	  <systemCartSize>1-1</systemCartSize>    </variables>
</theme>