<theme>
   <variables>
      <systemName>AdvanceMAME</systemName>
      <systemDescription>AdvanceMAME, is a port of the MAME 0.106 and MESS 0.106 emulators for Arcade Monitors and TVs but also for LCDs and PC monitors.</systemDescription>
      <systemManufacturer>MAME</systemManufacturer>
      <systemReleaseYear>1998</systemReleaseYear>
      <systemReleaseDate>1998-05</systemReleaseDate>
      <systemReleaseDateFormated>May 1998</systemReleaseDateFormated>
      <systemHardwareType>Emulator</systemHardwareType>
      <systemCoverSize>3-4</systemCoverSize>
      <systemColor>5B60B7</systemColor>
      <systemColorPalette1>00ADEF</systemColorPalette1>
      <systemColorPalette2>84849C</systemColorPalette2>
      <systemColorPalette3>231F20</systemColorPalette3>
      <systemColorPalette4>FFFFFF</systemColorPalette4>
	  <systemCartSize>1-1</systemCartSize>    </variables>
</theme>