<theme>
   <variables>
     <systemName>Nintendo 64</systemName>
      <systemDescription>Named for its 64-bit central processing unit, it was released in June 1996 in Japan, September 1996 in North America, March 1997 in Europe and Australia, September 1997 in France and December 1997 in Brazil. As part of the fifth generation of gaming, the N64 competed primarily with the PlayStation and the Sega Saturn. The Nintendo 64 was launched with three games: Super Mario 64 and Pilotwings 64, released worldwide; and Saikyo Habu Shogi, released only in Japan. While the N64 was succeeded by Nintendo's MiniDVD-based GameCube in November 2001, N64 consoles remained available until the system was retired in late 2003.</systemDescription>
      <systemManufacturer>Nintendo</systemManufacturer>
      <systemReleaseYear>1996</systemReleaseYear>
      <systemReleaseDate>1996-06-23</systemReleaseDate>
      <systemReleaseDateFormated>June 23, 1996</systemReleaseDateFormated>
      <systemHardwareType>Console</systemHardwareType>
      <systemCoverSize>4-3</systemCoverSize>
      <systemColor>19B65F</systemColor>
      <systemColorPalette1>143F9E</systemColorPalette1>
      <systemColorPalette2>00935C</systemColorPalette2>
      <systemColorPalette3>CA2E39</systemColorPalette3>
      <systemColorPalette4>E1C245</systemColorPalette4>
	  <systemCartSize>112-67</systemCartSize>    </variables>
</theme>