<theme>
   <variables>
      <systemName>Naomi GD-ROM</systemName>
      <systemDescription>The NAOMI (New Arcade Operation Machine Idea) is an arcade system released by Sega in 1998. It was designed as a successor to Sega Model 3 hardware, using a similar architecture to the Sega Dreamcast.

The NAOMI was succeeded by the Sega Hikaru and Sega NAOMI 2 boards, though having out-lasted the NAOMI 2, Hikaru and Sega Aurora. The Sega Chihiro, or possibly even the Sega Lindbergh, could also be seen as successors.</systemDescription>
      <systemManufacturer>Sega</systemManufacturer>
      <systemReleaseYear>1998</systemReleaseYear>
      <systemReleaseDate>1998-01-01</systemReleaseDate>
      <systemReleaseDateFormated>January 1, 1998</systemReleaseDateFormated>
      <systemHardwareType>Arcade</systemHardwareType>
      <systemCoverSize>3-4</systemCoverSize>
      <systemColor>EE820D</systemColor>
      <systemColorPalette1>E4E7D7</systemColorPalette1>
      <systemColorPalette2>A39B7C</systemColorPalette2>
      <systemColorPalette3>C75433</systemColorPalette3>
      <systemColorPalette4>243551</systemColorPalette4>
	  <systemCartSize>1-1</systemCartSize>    </variables>
</theme>