<theme>
   <variables>
      <systemName>PlayStation Vita</systemName>
      <systemDescription>The PlayStation Vita (PS Vita, or Vita) is a handheld video game console developed and marketed by Sony Interactive Entertainment. It was first released in Japan on December 17, 2011, and in North America, Europe, and other international territories beginning on February 22, 2012. The console is the successor to the PlayStation Portable, and a part of the PlayStation brand of gaming devices; as part of the eighth generation of video game consoles, it primarily competed with the Nintendo 3DS.</systemDescription>
      <systemManufacturer>Sony</systemManufacturer>
      <systemReleaseYear>2011</systemReleaseYear>
      <systemReleaseDate>2011-12-17</systemReleaseDate>
      <systemReleaseDateFormated>December 17, 2011</systemReleaseDateFormated>
      <systemHardwareType>Portable</systemHardwareType>
      <systemCoverSize>3-4</systemCoverSize>
      <systemColor>0966BC</systemColor>
      <systemColorPalette1>03477C</systemColorPalette1>
      <systemColorPalette2>6CAAD8</systemColorPalette2>
      <systemColorPalette3>D0DFF2</systemColorPalette3>
      <systemColorPalette4>2C2C2C</systemColorPalette4>
	  <systemCartSize>5-7</systemCartSize>    </variables>
</theme>
