<theme>
   <variables>
      <systemName>Super Famicom</systemName>
      <systemDescription>The Super Famicom is a 16-bit home video game console developed by Nintendo that was released in 1990 in Japan, 1991 in North America, 1992 in Europe and Australasia (Oceania), and 1993 in South America.</systemDescription>
      <systemManufacturer>Nintendo</systemManufacturer>
      <systemReleaseYear>1990</systemReleaseYear>
      <systemReleaseDate>1990-11-21</systemReleaseDate>
      <systemReleaseDateFormated>November 21, 1990</systemReleaseDateFormated>
      <systemHardwareType>Console</systemHardwareType>
      <systemCoverSize>3-5</systemCoverSize>
      <systemColor>3F549D</systemColor>
      <systemColorPalette1>FED01B</systemColorPalette1>
      <systemColorPalette2>BA2318</systemColorPalette2>
      <systemColorPalette3>0A2A8D</systemColorPalette3>
      <systemColorPalette4>007544</systemColorPalette4>
	  <systemCartSize>112-67</systemCartSize>    </variables>
</theme>