<theme>
   <variables>
      <systemName>Super Nintendo</systemName>
      <systemDescription>The Super Nintendo Entertainment System (also known as the Super NES, SNES or Super Nintendo) is a 16-bit home video game console developed by Nintendo that was released in 1990 in Japan, 1991 in North America, 1992 in Europe and Australasia (Oceania), and 1993 in South America. In Japan, the system is called the Super Famicom, officially adopting the abbreviated name of its predecessor, the Family Computer, or SFC for short. In South Korea, it is known as the Super Comboy and was distributed by Hyundai Electronics. Although each version is essentially the same, several forms of regional lockout prevent the different versions from being compatible with one another.</systemDescription>
      <systemManufacturer>Nintendo</systemManufacturer>
      <systemReleaseYear>1991</systemReleaseYear>
      <systemReleaseDate>1991-08-23</systemReleaseDate>
      <systemReleaseDateFormated>August 23, 1991</systemReleaseDateFormated>
      <systemHardwareType>Console</systemHardwareType>
      <systemCoverSize>4-3</systemCoverSize>
      <systemColor>7365B0</systemColor>
      <systemColorPalette1>A59EF7</systemColorPalette1>
      <systemColorPalette2>47449E</systemColorPalette2>
      <systemColorPalette3>CCCCCC</systemColorPalette3>
      <systemColorPalette4>4C4C4C</systemColorPalette4>
	  <systemCartSize>112-67</systemCartSize>    </variables>
</theme>