<theme>
   <variables>
      <systemName>Tano Dragon</systemName>
      <systemDescription>The Dragon 32 and Dragon 64 are home computers that were built in the 1980s. The Dragons are very similar to the TRS-80 Color Computer, and were produced for the European market by Dragon Data, Ltd., initially in Swansea, Wales before moving to Port Talbot, Wales (until 1984) and by Eurohard S.A. in Casar de Cáceres, Spain (from 1984 to 1987), and for the US market by Tano of New Orleans, Louisiana. The model numbers reflect the primary difference between the two machines, which have 32 and 64 kilobytes of RAM, respectively.</systemDescription>
      <systemManufacturer>Dragon Data</systemManufacturer>
      <systemReleaseYear>1984</systemReleaseYear>
      <systemReleaseDate>1984</systemReleaseDate>
      <systemReleaseDateFormated>1984</systemReleaseDateFormated>
      <systemHardwareType>Computer</systemHardwareType>
      <systemCoverSize>3-4</systemCoverSize>
      <systemColor>309496</systemColor>
      <systemColorPalette1>F50019</systemColorPalette1>
      <systemColorPalette2>FBFA35</systemColorPalette2>
      <systemColorPalette3>74B719</systemColorPalette3>
      <systemColorPalette4>3262D9</systemColorPalette4>
	  <systemCartSize>1-1</systemCartSize>    </variables>
</theme>