<theme>
   <variables>
      <systemName>TurboGrafx-16</systemName>
      <systemDescription>The TurboGrafx-16, known as the PC Engine in Japan and France, is a 16-bit fourth-generation home video game console designed by Hudson Soft and sold by NEC Home Electronics. It was released in Japan in 1987 and in North America in 1989. The Japanese model was imported and distributed in France in 1989, and the United Kingdom and Spain received a version based on the American model known as simply TurboGrafx. It was the first console released in the 16-bit era, although it used a modified 8-bit CPU. In Japan, the system was launched as a competitor to the Famicom, but the delayed United States release meant that it ended up competing with the Sega Genesis and later the Super Nintendo Entertainment System.

The TurboGrafx-16 has an 8-bit CPU, a 16-bit video color encoder, and a 16-bit video display controller. The GPUs are capable of displaying 482 colors simultaneously, out of 512. With dimensions of just 14 cm × 14 cm × 3.8 cm (5.5 in × 5.5 in × 1.5 in), the Japanese PC Engine is the smallest major home game console ever made. Games were released on HuCard cartridges and later the CD-ROM optical format with the TurboGrafx-CD add-on.</systemDescription>
      <systemManufacturer>NEC</systemManufacturer>
      <systemReleaseYear>1989</systemReleaseYear>
      <systemReleaseDate>1989-08-29</systemReleaseDate>
      <systemReleaseDateFormated>August 29, 1989</systemReleaseDateFormated>
      <systemHardwareType>Console</systemHardwareType>
      <systemCoverSize>3-4</systemCoverSize>
      <systemColor>F2984B</systemColor>
      <systemColorPalette1>F79226</systemColorPalette1>
      <systemColorPalette2>ECF332</systemColorPalette2>
      <systemColorPalette3>FD5A17</systemColorPalette3>
      <systemColorPalette4>D5E14D</systemColorPalette4>
	  <systemCartSize>3-5</systemCartSize>    </variables>
</theme>