<theme>
   <variables>
      <systemName>Tools</systemName>
      <systemDescription>Programs, scripts and utilities to manage your set up.</systemDescription>
      <systemManufacturer>Various</systemManufacturer>
      <systemReleaseYear>Various</systemReleaseYear>
      <systemReleaseDate>Various</systemReleaseDate>
      <systemReleaseDateFormated>Various</systemReleaseDateFormated>
      <systemHardwareType>Folder</systemHardwareType>
      <systemCoverSize>1-1</systemCoverSize>
	  <systemCartSize>1-1</systemCartSize>    </variables>
</theme>