<theme>
   <variables>
      <systemName>Visual Pinball</systemName>
      <systemDescription>Visual Pinball is a freeware and source available video game engine for pinball tables and similar games such as pachinko machines. It includes a table editor as well as the simulator itself, and runs on Microsoft Windows. It can be used with Visual PinMAME, an emulator for ROM images from real pinball machines.</systemDescription>
      <systemManufacturer>Visual Pinball</systemManufacturer>
      <systemReleaseYear>2000</systemReleaseYear>
      <systemReleaseDate>2000-12-19</systemReleaseDate>
      <systemReleaseDateFormated>December 19, 2000</systemReleaseDateFormated>
      <systemHardwareType>Engine</systemHardwareType>
      <systemCoverSize>1-1</systemCoverSize>
      <systemColor>3871C5</systemColor>
      <systemColorPalette1>F6DD08</systemColorPalette1>
      <systemColorPalette2>800000</systemColorPalette2>
      <systemColorPalette3>FF0000</systemColorPalette3>
      <systemColorPalette4>303030</systemColorPalette4>
	  <systemCartSize>1-1</systemCartSize>    </variables>
</theme>