<theme>
   <variables>
      <systemName>Windows</systemName>
      <systemDescription>Windows is a group of several proprietary graphical operating system families developed and marketed by Microsoft. Each family caters to a certain sector of the computing industry. For example, Windows NT for consumers, Windows Server for servers, and Windows IoT for embedded systems. Defunct Windows families include Windows 9x, Windows Mobile, and Windows Phone.

The first version of Windows was released on November 20, 1985, as a graphical operating system shell for MS-DOS in response to the growing interest in graphical user interfaces (GUIs).</systemDescription>
      <systemManufacturer>Microsoft</systemManufacturer>
      <systemReleaseYear>1985</systemReleaseYear>
      <systemReleaseDate>1985-11-20</systemReleaseDate>
      <systemReleaseDateFormated>November 20, 1985</systemReleaseDateFormated>
      <systemHardwareType>OS</systemHardwareType>
      <systemCoverSize>3-4</systemCoverSize>
      <systemColor>39B1DE</systemColor>
      <systemColorPalette1>F8682C</systemColorPalette1>
      <systemColorPalette2>91C300</systemColorPalette2>
      <systemColorPalette3>00B4F1</systemColorPalette3>
      <systemColorPalette4>FFC300</systemColorPalette4>
	  <systemCartSize>1-1</systemCartSize>    </variables>
</theme>