<theme>
      <aspectRatio name="4:3">
            <view name="gamelist">
                  <grid name="grid">
                    <itemSize>0.15625 0.3212396</itemSize>			
                </grid>
            </view>
      </aspectRatio>
      <aspectRatio name="16:9">
            <view name="gamelist">
                  <grid name="grid">
                        <itemSize>0.15625 0.428</itemSize>			
                  </grid>
            </view>
      </aspectRatio>
      <aspectRatio name="16:10">
            <view name="gamelist">
                  <grid name="grid">
                    <itemSize>0.15625 0.3854875</itemSize>			
                </grid>
            </view>
      </aspectRatio>
      <aspectRatio name="21:9">
            <view name="gamelist">
                  <grid name="grid">
                    <itemSize>0.15625 0.5621693</itemSize>			
                </grid>
            </view>
      </aspectRatio>
</theme>